-- phpMyAdmin SQL Dump
-- version 3.4.10.1deb1
-- http://www.phpmyadmin.net
--
-- 主机: localhost
-- 生成日期: 2013 年 12 月 17 日 10:48
-- 服务器版本: 5.5.32
-- PHP 版本: 5.3.10-1ubuntu3.7

SET SQL_MODE="NO_AUTO_VALUE_ON_ZERO";
SET time_zone = "+00:00";


/*!40101 SET @OLD_CHARACTER_SET_CLIENT=@@CHARACTER_SET_CLIENT */;
/*!40101 SET @OLD_CHARACTER_SET_RESULTS=@@CHARACTER_SET_RESULTS */;
/*!40101 SET @OLD_COLLATION_CONNECTION=@@COLLATION_CONNECTION */;
/*!40101 SET NAMES utf8 */;

--
-- 数据库: `bitcointrade`
--

-- --------------------------------------------------------

--
-- 表的结构 `account`
--

CREATE TABLE IF NOT EXISTS `account` (
  `id` int(11) NOT NULL AUTO_INCREMENT,
  `user_id` int(11) NOT NULL DEFAULT '0',
  `btc_balance` decimal(16,8) NOT NULL DEFAULT '0.00000000' COMMENT '比特币余额',
  `btc_balance_freeze` decimal(16,8) NOT NULL DEFAULT '0.00000000',
  `ltc_balance` decimal(16,8) NOT NULL DEFAULT '0.00000000' COMMENT '来特比余额',
  `ltc_balance_freeze` decimal(16,8) NOT NULL DEFAULT '0.00000000',
  `ars_balance` decimal(16,8) NOT NULL DEFAULT '0.00000000' COMMENT '人民币余额',
  `ars_balance_freeze` decimal(16,8) NOT NULL DEFAULT '0.00000000',
  `usd_balance` decimal(16,8) NOT NULL DEFAULT '0.00000000',
  `usd_balance_freeze` decimal(16,8) NOT NULL DEFAULT '0.00000000',
  PRIMARY KEY (`id`),
  UNIQUE KEY `user_id` (`user_id`)
) ENGINE=InnoDB  DEFAULT CHARSET=utf8 AUTO_INCREMENT=21 ;

--
-- 转存表中的数据 `account`
--

INSERT INTO `account` (`id`, `user_id`, `btc_balance`, `btc_balance_freeze`, `ltc_balance`, `ltc_balance_freeze`, `ars_balance`, `ars_balance_freeze`, `usd_balance`, `usd_balance_freeze`) VALUES
(8, 1, 0.00000000, 0.00000000, 0.00000000, 0.00000000, 0.00000000, 0.00000000, 0.00000000, 0.00000000),
(9, 2, 1000.00000000, 0.00000000, 1000.00000000, 0.00000000, 900.00000000, 100.00000000, 0.00000000, 0.00000000),
(10, 3, 0.00000000, 0.00000000, 0.00000000, 0.00000000, 0.00000000, 0.00000000, 0.00000000, 0.00000000),
(11, 4, 0.00000000, 0.00000000, 0.00000000, 0.00000000, 0.00000000, 0.00000000, 0.00000000, 0.00000000),
(12, 0, 0.00000000, 0.00000000, 0.00000000, 0.00000000, 0.00000000, 0.00000000, 0.00000000, 0.00000000),
(15, 5, 0.00000000, 0.00000000, 0.00000000, 0.00000000, 0.00000000, 0.00000000, 0.00000000, 0.00000000),
(16, 6, 0.00000000, 0.00000000, 0.00000000, 0.00000000, 0.00000000, 0.00000000, 0.00000000, 0.00000000),
(17, 7, 0.00000000, 0.00000000, 0.00000000, 0.00000000, 0.00000000, 0.00000000, 0.00000000, 0.00000000),
(18, 8, 0.00000000, 0.00000000, 0.00000000, 0.00000000, 0.00000000, 0.00000000, 0.00000000, 0.00000000),
(19, 9, 9900.00000000, 0.00000000, 10000.00000000, 0.00000000, 10000.00000000, 0.00000000, 0.00000000, 0.00000000),
(20, 10, 10000.00000000, 0.00000000, 10000.00000000, 0.00000000, 10000.00000000, 0.00000000, 0.00000000, 0.00000000);

-- --------------------------------------------------------

--
-- 表的结构 `charge`
--

CREATE TABLE IF NOT EXISTS `charge` (
  `id` int(10) unsigned NOT NULL AUTO_INCREMENT,
  `user_id` int(11) NOT NULL,
  `charge_type` set('takeout','charge') NOT NULL,
  `account_type` set('ars','usd','ltc','btc') NOT NULL,
  `amount` decimal(16,8) NOT NULL DEFAULT '0.00000000',
  `active` tinyint(4) NOT NULL DEFAULT '0',
  `created` int(11) NOT NULL DEFAULT '0',
  `deal_time` int(11) NOT NULL DEFAULT '0' COMMENT '处理时间',
  `mark` varchar(255) NOT NULL DEFAULT '',
  `error_mark` varchar(255) NOT NULL DEFAULT '',
  `address` varchar(255) DEFAULT '' COMMENT '钱包地址',
  PRIMARY KEY (`id`)
) ENGINE=InnoDB  DEFAULT CHARSET=utf8 AUTO_INCREMENT=141 ;

--
-- 转存表中的数据 `charge`
--

INSERT INTO `charge` (`id`, `user_id`, `charge_type`, `account_type`, `amount`, `active`, `created`, `deal_time`, `mark`, `error_mark`, `address`) VALUES
(1, 1, '', 'btc', 1.00000000, 0, 1385188567, 0, 'æµ‹è¯•ä¸€ä¸‹å¤‡æ³¨', '', ''),
(2, 1, '', 'btc', 1.00000000, 0, 1385188720, 0, '测试一下', '', ''),
(3, 1, '', 'ars', 1.00000000, 0, 1385189522, 0, '再来测试一下看下有问题没', '', ''),
(4, 1, 'takeout', 'btc', 1.00000000, -1, 1385189901, 0, '测试提现申请看看', '', ''),
(5, 1, 'charge', 'btc', 1.00000000, 1, 1385191305, 0, '', '', ''),
(7, 1, 'charge', 'usd', 1.00000000, 1, 1385217078, 0, '管理员直接操作', '', ''),
(8, 1, 'charge', 'btc', 1.00000000, 1, 1385217146, 0, '管理员直接操作', '', ''),
(12, 1, 'charge', 'usd', 1.00000000, 1, 1385217234, 0, '管理员直接操作', '', ''),
(13, 1, 'charge', 'btc', 1.00000000, 1, 1385217255, 0, '管理员直接操作', '', ''),
(17, 1, 'charge', 'btc', 1.00000000, 1, 1385218662, 0, '管理员直接操作', '', ''),
(18, 1, 'charge', 'btc', -1.00000000, 1, 1385218667, 0, '管理员直接操作', '', ''),
(20, 1, 'charge', 'ltc', 10.00000000, 1, 1385218700, 0, '管理员直接操作', '', ''),
(21, 1, 'charge', 'ars', 10.00000000, 1, 1385218709, 0, '管理员直接操作', '', ''),
(22, 1, 'charge', 'ars', -1.00000000, 1, 1385218912, 0, '管理员直接操作', '', ''),
(23, 1, 'charge', 'ars', -1.00000000, 1, 1385218920, 0, '管理员直接操作', '', ''),
(24, 1, 'charge', 'usd', -1.00000000, 1, 1385218929, 0, '管理员直接操作', '', ''),
(27, 1, 'charge', 'btc', 10.00000000, 1, 1385273075, 0, '我的钱包地址为,你来看看呢..120377843@qq.om', '', ''),
(28, 1, 'takeout', 'ars', 2.00000000, -1, 1385274085, 0, '我的支付宝账户为 \r\n\r\n120377843@qq.com', '', ''),
(29, 1, 'takeout', 'ars', 8.00000000, 1, 1385274342, 0, '试试', '', ''),
(30, 1, 'takeout', 'ars', 8.00000000, 1, 1385274444, 0, '8', '', ''),
(31, 1, 'takeout', 'btc', 1.00000000, 1, 1385274491, 0, '1', '测试', ''),
(32, 1, 'charge', 'ltc', 1.00000000, 0, 1386477984, 0, '已经充值完成', '', 'aYU1uaHNURzFPZG1K'),
(33, 1, 'charge', 'ltc', -1.00000000, 0, 1386483317, 0, '测试一下', '', 'VE9XdGlNamxyWWtkV2'),
(34, 1, 'charge', 'ltc', 0.01000000, 0, 1386483739, 0, '测试一下2', '', 'VE9XdGlNamxyWWtkV2'),
(35, 2, 'charge', 'btc', 0.90000000, 1, 1386503498, 0, '我已经冲进去了', '', 'mtNMlI1Tlc1aU1qbH'),
(36, 5, 'charge', 'ars', 1.00000000, 0, 1386505800, 0, '测试充值', '', NULL),
(37, 5, 'charge', 'ltc', 12.60000000, 0, 1386505873, 0, '我已经打进去了..你看看', '', 'qbHVZa2RWZFZreU9YU'),
(38, 1, 'charge', 'ars', 10.00000000, 1, 1386603803, 0, '管理员直接操作', '', ''),
(39, 6, 'charge', 'btc', 1.00000000, 0, 1386605714, 0, '已经充入请审核', '', 'pNZVRrelpETmpkV'),
(40, 6, 'charge', 'ars', 1.00000000, 0, 1386605739, 0, '请求充入', '', NULL),
(41, 6, 'takeout', 'btc', 1.00000000, 0, 1386606027, 0, '12314', '', ''),
(42, 1, 'takeout', 'ltc', 0.00000000, 0, 1386775574, 0, '', '', 'fasfafegaweaf'),
(43, 8, 'charge', 'btc', 12.88888888, 1, 1386863266, 0, '管理员直接操作', '', ''),
(44, 8, 'charge', 'ltc', 89.89000000, 1, 1386863377, 0, '管理员直接操作', '', ''),
(45, 8, 'charge', 'ars', 1000.00000000, 1, 1386863384, 0, '管理员直接操作', '', ''),
(46, 1, 'charge', 'btc', 20000.99999999, 1, 1386947141, 0, '管理员直接操作', '', ''),
(47, 1, 'charge', 'ltc', 20000.00000000, 1, 1386947271, 0, '管理员直接操作', '', ''),
(48, 1, 'charge', 'ars', 20000.00000000, 1, 1386947281, 0, '管理员直接操作', '', ''),
(49, 9, 'charge', 'btc', 20000.00000000, 1, 1386949082, 0, '管理员直接操作', '', ''),
(50, 9, 'charge', 'ltc', 20000.00000000, 1, 1386949091, 0, '管理员直接操作', '', ''),
(51, 9, 'charge', 'ars', 20000.00000000, 1, 1386949100, 0, '管理员直接操作', '', ''),
(52, 1, 'charge', 'btc', 100.00000000, 1, 1387001578, 0, '管理员直接操作', '', ''),
(53, 1, 'charge', 'ltc', 100.00000000, 1, 1387001584, 0, '管理员直接操作', '', ''),
(54, 1, 'charge', 'ars', 100.00000000, 1, 1387001588, 0, '管理员直接操作', '', ''),
(55, 9, 'charge', 'ars', -1.00000000, 1, 1387003974, 0, '管理员直接操作', '', ''),
(56, 1, 'charge', 'btc', -50.00000000, 1, 1387004524, 0, '管理员直接操作', '', ''),
(57, 1, 'charge', 'btc', -50.00000000, 1, 1387006105, 0, '管理员直接操作', '', ''),
(58, 1, 'charge', 'ltc', -100.00000000, 1, 1387006117, 0, '管理员直接操作', '', ''),
(60, 1, 'charge', 'ars', -100.00000000, 1, 1387006147, 0, '管理员直接操作', '', ''),
(61, 1, 'charge', 'btc', 10000.00000000, 1, 1387006159, 0, '管理员直接操作', '', ''),
(62, 1, 'charge', 'ltc', 10000.00000000, 1, 1387006163, 0, '管理员直接操作', '', ''),
(63, 1, 'charge', 'ars', 10000.00000000, 1, 1387006167, 0, '管理员直接操作', '', ''),
(64, 9, 'charge', 'btc', -9999.94000000, 1, 1387006182, 0, '管理员直接操作', '', ''),
(65, 9, 'charge', 'ltc', -10000.00000000, 1, 1387006218, 0, '管理员直接操作', '', ''),
(66, 9, 'charge', 'ars', -9986.94000000, 1, 1387006235, 0, '管理员直接操作', '', ''),
(67, 9, 'charge', 'btc', 6.00000000, 1, 1387068342, 0, '管理员直接操作', '', ''),
(68, 9, 'charge', 'ars', -0.59700000, 1, 1387068353, 0, '管理员直接操作', '', ''),
(69, 1, 'charge', 'btc', -8.00000000, 1, 1387068370, 0, '管理员直接操作', '', ''),
(70, 1, 'charge', 'ltc', -0.01500000, 1, 1387068380, 0, '管理员直接操作', '', ''),
(71, 1, 'charge', 'ars', 6.00000000, 1, 1387068390, 0, '管理员直接操作', '', ''),
(72, 1, 'charge', 'ars', -0.44300000, 1, 1387068399, 0, '管理员直接操作', '', ''),
(73, 1, 'charge', 'btc', 5.97000000, 1, 1387068816, 0, '管理员直接操作', '', ''),
(74, 1, 'charge', 'ars', -14.00000000, 1, 1387068879, 0, '管理员直接操作', '', ''),
(75, 1, 'charge', 'btc', 5.97000000, 1, 1387069339, 0, '管理员直接操作', '', ''),
(76, 1, 'charge', 'ars', 14.00000000, 1, 1387069347, 0, '管理员直接操作', '', ''),
(77, 1, 'charge', 'btc', -28.00000000, 1, 1387069353, 0, '管理员直接操作', '', ''),
(78, 1, 'charge', 'btc', 28.00000000, 1, 1387069358, 0, '管理员直接操作', '', ''),
(79, 1, 'charge', 'ars', -28.00000000, 1, 1387069366, 0, '管理员直接操作', '', ''),
(80, 9, 'charge', 'btc', -11.94000000, 1, 1387069404, 0, '管理员直接操作', '', ''),
(81, 9, 'charge', 'btc', 28.00000000, 1, 1387069520, 0, '管理员直接操作', '', ''),
(82, 9, 'charge', 'btc', -28.00000000, 1, 1387069550, 0, '管理员直接操作', '', ''),
(83, 9, 'charge', 'ars', 28.00000000, 1, 1387069558, 0, '管理员直接操作', '', ''),
(84, 10, 'charge', 'btc', 10000.00000000, 1, 1387081428, 0, '管理员直接操作', '', ''),
(85, 10, 'charge', 'ltc', 10000.00000000, 1, 1387081436, 0, '管理员直接操作', '', ''),
(86, 10, 'charge', 'ars', 10000.00000000, 1, 1387081443, 0, '管理员直接操作', '', ''),
(87, 9, 'charge', 'btc', 180.00000000, 1, 1387081452, 0, '管理员直接操作', '', ''),
(88, 9, 'charge', 'btc', -100.00000000, 1, 1387081461, 0, '管理员直接操作', '', ''),
(89, 9, 'charge', 'ars', -1298.70000000, 1, 1387081472, 0, '管理员直接操作', '', ''),
(90, 9, 'charge', 'btc', 0.02900000, 1, 1387081685, 0, '管理员直接操作', '', ''),
(91, 9, 'charge', 'ars', 0.29000000, 1, 1387081717, 0, '管理员直接操作', '', ''),
(92, 2, 'charge', 'btc', -111.98600000, 1, 1387117000, 0, '管理员直接操作', '', ''),
(93, 2, 'charge', 'ltc', -99.98500000, 1, 1387117011, 0, '管理员直接操作', '', ''),
(94, 2, 'charge', 'ars', -83.56000000, 1, 1387117021, 0, '管理员直接操作', '', ''),
(95, 1, 'charge', 'btc', -10109.17300000, 1, 1387117033, 0, '管理员直接操作', '', ''),
(96, 1, 'charge', 'ltc', -10001.00000000, 1, 1387117050, 0, '管理员直接操作', '', ''),
(97, 1, 'charge', 'ars', -8674.74040000, 1, 1387117066, 0, '管理员直接操作', '', ''),
(98, 3, 'charge', 'btc', -77.00000000, 1, 1387117076, 0, '管理员直接操作', '', ''),
(99, 6, 'charge', 'ars', -0.98000000, 1, 1387117094, 0, '管理员直接操作', '', ''),
(100, 8, 'charge', 'btc', -12.88888888, 1, 1387117104, 0, '管理员直接操作', '', ''),
(101, 9, 'charge', 'btc', -129.87000000, 1, 1387117114, 0, '管理员直接操作', '', ''),
(102, 10, 'charge', 'btc', 150.00000000, 1, 1387117122, 0, '管理员直接操作', '', ''),
(103, 8, 'charge', 'ltc', -89.89000000, 1, 1387117126, 0, '管理员直接操作', '', ''),
(104, 3, 'charge', 'ars', -130.36960000, 1, 1387117139, 0, '管理员直接操作', '', ''),
(105, 3, 'charge', 'ltc', -100.00000000, 1, 1387117175, 0, '管理员直接操作', '', ''),
(106, 10, 'charge', 'ars', -2117.88000000, 1, 1387117184, 0, '管理员直接操作', '', ''),
(107, 9, 'charge', 'ars', 100.00000000, 1, 1387117191, 0, '管理员直接操作', '', ''),
(108, 8, 'charge', 'ars', -1001.00000000, 1, 1387117205, 0, '管理员直接操作', '', ''),
(109, 9, 'charge', 'ars', 2000.00000000, 1, 1387117218, 0, '管理员直接操作', '', ''),
(110, 1, 'charge', 'btc', -0.06000000, 1, 1387119276, 0, '管理员直接操作', '', ''),
(111, 9, 'charge', 'btc', 60.00000000, 1, 1387119281, 0, '管理员直接操作', '', ''),
(112, 10, 'charge', 'btc', -59.94000000, 1, 1387119283, 0, '管理员直接操作', '', ''),
(113, 1, 'charge', 'ltc', -0.06000000, 1, 1387119293, 0, '管理员直接操作', '', ''),
(114, 9, 'charge', 'ltc', 60.00000000, 1, 1387119299, 0, '管理员直接操作', '', ''),
(115, 1, 'charge', 'ars', -2.00000000, 1, 1387119321, 0, '管理员直接操作', '', ''),
(116, 10, 'charge', 'ltc', -59.94000000, 1, 1387119323, 0, '管理员直接操作', '', ''),
(117, 10, 'charge', 'ars', 2000.00000000, 1, 1387119335, 0, '管理员直接操作', '', ''),
(118, 9, 'charge', 'ars', -1998.00000000, 1, 1387119350, 0, '管理员直接操作', '', ''),
(119, 10, 'charge', 'btc', -59.94000000, 1, 1387119576, 0, '管理员直接操作', '', ''),
(120, 10, 'charge', 'ars', 1000.00000000, 1, 1387119604, 0, '管理员直接操作', '', ''),
(121, 9, 'charge', 'btc', 60.00000000, 1, 1387120658, 0, '管理员直接操作', '', ''),
(122, 9, 'charge', 'ars', -999.00000000, 1, 1387120667, 0, '管理员直接操作', '', ''),
(123, 9, 'charge', 'btc', 0.00100000, 1, 1387120883, 0, '管理员直接操作', '', ''),
(124, 9, 'charge', 'ars', 0.00100000, 1, 1387120910, 0, '管理员直接操作', '', ''),
(125, 9, 'charge', 'ltc', -59.93900000, 1, 1387121324, 0, '管理员直接操作', '', ''),
(126, 10, 'charge', 'ltc', 60.00000000, 1, 1387121353, 0, '管理员直接操作', '', ''),
(127, 9, 'charge', 'ars', 1000.00100000, 1, 1387121366, 0, '管理员直接操作', '', ''),
(128, 10, 'charge', 'ars', -999.00000000, 1, 1387121374, 0, '管理员直接操作', '', ''),
(129, 1, 'charge', 'btc', -0.06100000, 1, 1387121395, 0, '管理员直接操作', '', ''),
(131, 1, 'charge', 'ltc', -0.06100000, 1, 1387121410, 0, '管理员直接操作', '', ''),
(132, 10, 'charge', 'btc', -19.98000000, 1, 1387123569, 0, '管理员直接操作', '', ''),
(133, 9, 'charge', 'btc', 20.00000000, 1, 1387123582, 0, '管理员直接操作', '', ''),
(134, 10, 'charge', 'ltc', -19.98000000, 1, 1387123583, 0, '管理员直接操作', '', ''),
(135, 1, 'charge', 'btc', -0.02000000, 1, 1387123594, 0, '管理员直接操作', '', ''),
(136, 9, 'charge', 'ltc', 20.00000000, 1, 1387123600, 0, '管理员直接操作', '', ''),
(137, 10, 'charge', 'ars', 400.00000000, 1, 1387123608, 0, '管理员直接操作', '', ''),
(138, 1, 'charge', 'ltc', -0.02000000, 1, 1387123616, 0, '管理员直接操作', '', ''),
(139, 9, 'charge', 'ars', -399.60000000, 1, 1387123628, 0, '管理员直接操作', '', ''),
(140, 1, 'charge', 'ars', -2.40200000, 1, 1387123640, 0, '管理员直接操作', '', '');

-- --------------------------------------------------------

--
-- 表的结构 `charge_codes`
--

CREATE TABLE IF NOT EXISTS `charge_codes` (
  `id` int(11) NOT NULL AUTO_INCREMENT,
  `user_id` int(11) NOT NULL,
  `account_type` varchar(255) NOT NULL,
  `amount` decimal(12,6) NOT NULL DEFAULT '0.000000' COMMENT '金额',
  `used_id` int(11) NOT NULL COMMENT '使用者ID',
  `code` varchar(250) NOT NULL,
  `password` varchar(255) NOT NULL DEFAULT '',
  `created` int(11) NOT NULL,
  `finished` int(11) NOT NULL DEFAULT '0' COMMENT '完成时间',
  `active` tinyint(4) NOT NULL DEFAULT '0' COMMENT '状态 0 为正常那个 1为使用',
  PRIMARY KEY (`id`),
  UNIQUE KEY `unique` (`code`)
) ENGINE=InnoDB  DEFAULT CHARSET=utf8 AUTO_INCREMENT=14 ;

--
-- 转存表中的数据 `charge_codes`
--

INSERT INTO `charge_codes` (`id`, `user_id`, `account_type`, `amount`, `used_id`, `code`, `password`, `created`, `finished`, `active`) VALUES
(1, 1, 'btc', 1.000000, 2, '9323712480217310', '', 1386489116, 0, 1),
(3, 1, 'ars', 1.000000, 1, '3905230594046874', '', 1386490871, 0, 1),
(5, 2, 'btc', 1.000000, 1, '7469399886578915', '12', 1386504990, 1386505361, 1),
(6, 1, 'btc', 1.000000, 6, '1540604312292870', '12', 1386507864, 1386606081, 1),
(8, 1, 'ars', 1.000000, 8, '5334678870467957', '12', 1386507873, 1386863571, 1),
(9, 8, 'ars', 100.000000, 8, '8386780399179582', '12', 1386863654, 1386863668, 1),
(10, 9, 'btc', 3000.000000, 9, '3649507237796412', '123456', 1387123801, 1387124228, 1),
(11, 9, 'btc', 3000.000000, 9, '2686327611362027', '123456', 1387124260, 1387124299, 1),
(12, 10, 'btc', 200.000000, 10, '9332267337552388', '', 1387161244, 1387161261, 1),
(13, 9, 'btc', 100.000000, 0, '4746731859064945', '', 1387212442, 0, 0);

-- --------------------------------------------------------

--
-- 表的结构 `config`
--

CREATE TABLE IF NOT EXISTS `config` (
  `configuration_id` int(11) NOT NULL AUTO_INCREMENT,
  `configuration_key` varchar(20) NOT NULL DEFAULT '',
  `configuration_val` varchar(255) DEFAULT '',
  `configuration_desc` varchar(255) DEFAULT NULL,
  `configuration_group` varchar(255) DEFAULT NULL,
  PRIMARY KEY (`configuration_id`),
  UNIQUE KEY `configuration_key` (`configuration_key`) USING BTREE
) ENGINE=InnoDB  DEFAULT CHARSET=utf8 AUTO_INCREMENT=26 ;

--
-- 转存表中的数据 `config`
--

INSERT INTO `config` (`configuration_id`, `configuration_key`, `configuration_val`, `configuration_desc`, `configuration_group`) VALUES
(1, 'BTC_BUY_FEE', '0.1%', '挂单买BTC手续费 (比如买2btc 价格 400 rmb 手续费 10 表示会从余额冻结2x400=800rmb,另收取10rmb作为手续费)    数值表示固定手续费 1%分数表示扣除提现金额的1%作为手续费', 'btc'),
(2, 'BTC_SALE_FEE', '0.1%', '挂单卖BTC手续费(比如卖100btc 手续费 1% 表示会从余额冻结100btc另收取1btc作为手续费)  数值表示固定手续费 1%分数表示扣除提现金额的1%作为手续费', 'btc'),
(3, 'BTC_WITHDRAW_FEE', '0.1%', 'BTC提现手续费 数值表示固定手续费 1%分数表示扣除提现金额的1%作为手续费', 'btc'),
(4, 'MAX_BTC_WITHDRAW', '100', '一次BTC最高提现金额', 'btc'),
(5, 'MAX_RMB_WITHDRAW', '200', '一次RMB最高提现金额', 'rmb'),
(6, 'MIN_BTC_WITHDRAW', '0.2%', '一次BTC最低提现金额', 'btc'),
(7, 'MIN_RMB_WITHDRAW', '0.2%', '一次RMB最低提现金额', 'rmb'),
(8, 'RMB_WITHDRAW_FEE', '0.2%', 'RMB提现手续费 数值表示固定手续费 1%分数表示扣除提现金额的1%作为手续费', 'rmb'),
(9, 'SITE_NAME', '比特币交易', '网站名称', 'system'),
(10, 'SITE_URL', 'http://xxx.com/', '网站地址', 'system'),
(11, 'MIAIL_SMTP_HOST', 'smtp.163.com', 'MAIL SMTP 地址', 'mail'),
(12, 'MAIL_SMTP_USER', 'mymyemail01@163.com', 'MAIL SMTP 用户名', 'mail'),
(13, 'MAIL_SMTP_PASS', 'kx000000', 'MAIL SMTP 密码', 'mail'),
(14, 'MAIL_SMTP_PORT', '25', 'MAIL SMTP 端口', 'mail'),
(15, 'ALIPAY_ID', '1231', '支付宝商户号', 'alipay'),
(16, 'ALIPAY_KEY', '123', '支付宝密钥', 'alipay'),
(17, 'TENPAY_ID', '123', '财付通商户号', 'tenpay'),
(18, 'TENPAY_KEY', '132', '财付通密钥', 'tenpay'),
(19, 'ALIPAY_EMAIL', '123', '支付宝收款账号', 'alipay'),
(20, 'TEXT_NOTICE', '通知', '通知', 'notice'),
(21, 'SERVICE_QQ', '充值客服:873002,在线客服:288,在线2::333', '客服QQ 格式 充值客服:873002,在线客服:288,在线 2::333, ', 'system'),
(24, 'ALIPAY_NAME', 'ss', '支付宝收款人名称', 'alipay'),
(25, 'TENPAY_NAME', 'ss', '财付通收款人名称', 'tenpay');

-- --------------------------------------------------------

--
-- 表的结构 `ips`
--

CREATE TABLE IF NOT EXISTS `ips` (
  `id` int(11) NOT NULL AUTO_INCREMENT,
  `ip` varchar(255) NOT NULL,
  `user_id` int(11) NOT NULL,
  `created` int(11) NOT NULL DEFAULT '0',
  PRIMARY KEY (`id`)
) ENGINE=InnoDB  DEFAULT CHARSET=utf8 AUTO_INCREMENT=72 ;

--
-- 转存表中的数据 `ips`
--

INSERT INTO `ips` (`id`, `ip`, `user_id`, `created`) VALUES
(50, '222.212.203.194', 2, 1386900533),
(51, '222.212.203.194', 2, 1386900541),
(52, '222.212.202.205', 2, 1386900603),
(53, '222.212.202.205', 2, 1386900607),
(54, '222.212.202.205', 2, 1386900611),
(55, '222.212.202.205', 2, 1386900612),
(56, '222.212.202.205', 2, 1386900613),
(57, '222.212.202.205', 2, 1386900613),
(58, '222.212.202.205', 2, 1386900613),
(59, '222.212.202.205', 2, 1386900613),
(60, '222.212.202.205', 2, 1386900614),
(61, '222.212.202.205', 2, 1386900614),
(62, '109.169.70.175', 1, 1386902778),
(63, '109.169.70.175', 1, 1386902813),
(64, '222.212.207.36', 1, 1386942609),
(65, '222.212.207.36', 1, 1386942618),
(66, '122.194.178.122', 1, 1387003956),
(67, '109.169.70.175', 10, 1387086642),
(68, '122.194.178.110', 3, 1387086903),
(69, '122.194.178.110', 3, 1387086909),
(70, '50.2.43.42', 9, 1387116732),
(71, '109.169.70.175', 1, 1387208188);

-- --------------------------------------------------------

--
-- 表的结构 `merchant`
--

CREATE TABLE IF NOT EXISTS `merchant` (
  `id` int(10) unsigned NOT NULL AUTO_INCREMENT,
  `domain` varchar(100) CHARACTER SET utf8 COLLATE utf8_unicode_ci NOT NULL COMMENT '域名',
  `server_location` varchar(3) CHARACTER SET utf8 COLLATE utf8_unicode_ci NOT NULL DEFAULT 'us' COMMENT '服务器放置地,cn us ,应对没备案',
  `site_name` varchar(100) CHARACTER SET utf8 COLLATE utf8_unicode_ci NOT NULL COMMENT '网站名',
  `site_title` varchar(200) CHARACTER SET utf8 COLLATE utf8_unicode_ci NOT NULL COMMENT 'title',
  `site_keyword` varchar(500) CHARACTER SET utf8 COLLATE utf8_unicode_ci NOT NULL,
  `site_description` varchar(500) CHARACTER SET utf8 COLLATE utf8_unicode_ci NOT NULL,
  `site_aboutus` text CHARACTER SET utf8 COLLATE utf8_unicode_ci NOT NULL COMMENT '关于我们',
  `service_tel` varchar(60) CHARACTER SET utf8 COLLATE utf8_unicode_ci NOT NULL,
  `service_qq` varchar(255) CHARACTER SET utf8 COLLATE utf8_unicode_ci NOT NULL,
  `service_email` varchar(60) CHARACTER SET utf8 COLLATE utf8_unicode_ci NOT NULL,
  `charge_info` text NOT NULL COMMENT '支付信息',
  `ars_btc_rate` float(10,2) NOT NULL DEFAULT '0.00' COMMENT '默认手续费',
  `ars_ltc_rate` float(10,2) NOT NULL DEFAULT '0.00',
  `smtp_host` varchar(255) NOT NULL DEFAULT '',
  `smtp_user` varchar(255) NOT NULL DEFAULT '',
  `smtp_pwd` varchar(255) NOT NULL,
  `smtp_port` int(11) NOT NULL DEFAULT '25',
  `user_id` int(11) NOT NULL DEFAULT '0',
  `html_index` mediumtext NOT NULL,
  `active` tinyint(4) NOT NULL DEFAULT '0',
  `site_pub` text NOT NULL COMMENT '公告',
  PRIMARY KEY (`id`),
  UNIQUE KEY `user_id` (`user_id`)
) ENGINE=InnoDB  DEFAULT CHARSET=utf8 AUTO_INCREMENT=2 ;

--
-- 转存表中的数据 `merchant`
--

INSERT INTO `merchant` (`id`, `domain`, `server_location`, `site_name`, `site_title`, `site_keyword`, `site_description`, `site_aboutus`, `service_tel`, `service_qq`, `service_email`, `charge_info`, `ars_btc_rate`, `ars_ltc_rate`, `smtp_host`, `smtp_user`, `smtp_pwd`, `smtp_port`, `user_id`, `html_index`, `active`, `site_pub`) VALUES
(1, 'baidu.com', 'us', '比特币交易系统', '比特币交易系统', '比特币 交易', '这是一个容易使用的比特币交易系统.', '这是一个容易使用的比特币交易系统.', '1366819393', '120377843', '120377843@qq.com', '<p style="color:#C09853;font-family:''Helvetica Neue'', Helvetica, Arial, sans-serif;font-size:14px;background-color:#FFFFFF;">\r\n	请把钱打入这个账户\r\n</p>\r\n<p style="color:#C09853;font-family:''Helvetica Neue'', Helvetica, Arial, sans-serif;font-size:14px;background-color:#FFFFFF;">\r\n	BTC钱包:xxjohifafiadhio\r\n</p>\r\n<p style="color:#C09853;font-family:''Helvetica Neue'', Helvetica, Arial, sans-serif;font-size:14px;background-color:#FFFFFF;">\r\n	LTC钱包:xxjohifafiadhio\r\n</p>\r\n<p style="color:#C09853;font-family:''Helvetica Neue'', Helvetica, Arial, sans-serif;font-size:14px;background-color:#FFFFFF;">\r\n	USD账户:xxjohifafiadhio\r\n</p>\r\n<p style="color:#C09853;font-family:''Helvetica Neue'', Helvetica, Arial, sans-serif;font-size:14px;background-color:#FFFFFF;">\r\n	ARS账户:xxjohifafiadhio\r\n</p>', 0.10, 0.10, '', '', '', 25, 1, '<div class="masthead">\r\n	<h3 class="text-muted">\r\n		比特币交易系统\r\n	</h3>\r\n</div>\r\n<!-- Jumbotron -->\r\n<div class="jumbotron">\r\n	<h1>\r\n		快速开始!\r\n	</h1>\r\n	<p class="lead">\r\n		Cras justo odio, dapibus ac facilisis in, egestas eget quam. Fusce dapibus, tellus ac cursus commodo, tortor mauris condimentum nibh, ut fermentum massa justo sit amet.\r\n	</p>\r\n	<p>\r\n		<a class="btn btn-lg btn-success" href="/Users/home">现在开始</a> \r\n	</p>\r\n</div>\r\n<!-- Example row of columns -->\r\n<div class="row">\r\n	<div class="col-lg-4">\r\n		<h2>\r\n			左下1\r\n		</h2>\r\n		<p>\r\n			Donec id elit non mi porta gravida at eget metus. Fusce dapibus, tellus ac cursus commodo, tortor mauris condimentum nibh, ut fermentum massa justo sit amet risus. Etiam porta sem malesuada magna mollis euismod. Donec sed odio dui.\r\n		</p>\r\n		<p>\r\n			<a class="btn btn-primary" href="#">View details »</a> \r\n		</p>\r\n	</div>\r\n	<div class="col-lg-4">\r\n		<h2>\r\n		</h2>\r\n		<h2>\r\n			左下2\r\n		</h2>\r\n		<p>\r\n			Donec id elit non mi porta gravida at eget metus. Fusce dapibus, tellus ac cursus commodo, tortor mauris condimentum nibh, ut fermentum massa justo sit amet risus. Etiam porta sem malesuada magna mollis euismod. Donec sed odio dui.\r\n		</p>\r\n		<p>\r\n			<a class="btn btn-primary" href="#">View details »</a> \r\n		</p>\r\n	</div>\r\n	<div class="col-lg-4">\r\n		<h2>\r\n		</h2>\r\n		<h2>\r\n			左下3\r\n		</h2>\r\n		<p>\r\n			Donec sed odio dui. Cras justo odio, dapibus ac facilisis in, egestas eget quam. Vestibulum id ligula porta felis euismod semper. Fusce dapibus, tellus ac cursus commodo, tortor mauris condimentum nibh, ut fermentum massa.\r\n		</p>\r\n		<p>\r\n			<a class="btn btn-primary" href="#">View details »</a> \r\n		</p>\r\n	</div>\r\n</div>', 0, '今天上线了');

-- --------------------------------------------------------

--
-- 表的结构 `orders`
--

CREATE TABLE IF NOT EXISTS `orders` (
  `id` int(10) unsigned NOT NULL AUTO_INCREMENT,
  `user_id` int(11) NOT NULL,
  `trade_type` set('sell','buy') NOT NULL,
  `order_type` set('USD_ARS','ARS_LTC','ARS_BTC','USD_LTC','USD_BTC') NOT NULL,
  `number` decimal(16,8) NOT NULL DEFAULT '1.00000000',
  `price` decimal(16,8) NOT NULL,
  `amount_price` decimal(16,8) NOT NULL DEFAULT '0.00000000',
  `created` int(11) NOT NULL DEFAULT '0',
  `updated` int(11) NOT NULL DEFAULT '0',
  `active` tinyint(4) NOT NULL DEFAULT '0',
  PRIMARY KEY (`id`)
) ENGINE=InnoDB  DEFAULT CHARSET=utf8 AUTO_INCREMENT=178 ;

--
-- 转存表中的数据 `orders`
--

INSERT INTO `orders` (`id`, `user_id`, `trade_type`, `order_type`, `number`, `price`, `amount_price`, `created`, `updated`, `active`) VALUES
(37, 1, 'buy', 'ARS_LTC', 1.00000000, 2.00000000, 4.00000000, 1385805795, 1385805795, -1),
(38, 1, 'sell', 'ARS_LTC', 1.00000000, 4.00000000, 4.00000000, 1385805804, 1385805804, -1),
(39, 1, 'buy', 'ARS_BTC', 0.00000000, 1.00000000, 0.00000000, 1386401664, 1386401664, -1),
(46, 6, 'sell', 'ARS_BTC', 0.00000000, 1.00000000, 0.00000000, 1386606226, 1386606226, -1),
(48, 1, 'buy', 'ARS_BTC', 1.00000000, 1.00000000, 1.00000000, 1386607636, 1386607636, -1),
(49, 1, 'buy', 'ARS_BTC', 0.00000000, 1.00000000, 0.00000000, 1386778174, 1386811614, 1),
(50, 1, 'sell', 'ARS_BTC', 0.00000000, 1.00000000, 0.00000000, 1386778187, 1386811614, 1),
(51, 1, 'buy', 'ARS_BTC', 0.00000000, 2.10000000, 0.00000000, 1386779412, 1386811614, 1),
(53, 1, 'buy', 'ARS_BTC', 0.00000000, 17.00000000, 0.00000000, 1386779957, 1386811614, 1),
(54, 1, 'sell', 'ARS_BTC', 0.00000000, 1.00000000, 0.00000000, 1386811364, 1386811614, 1),
(56, 1, 'sell', 'ARS_BTC', 0.00000000, 1.00000000, 0.00000000, 1386811377, 1386811614, 1),
(57, 1, 'sell', 'ARS_BTC', 0.39000000, 1.00000000, 0.39000000, 1386811524, 1386811524, -1),
(58, 8, 'sell', 'ARS_BTC', 0.88888888, 8.00000000, 7.11111100, 1386863353, 1386863353, -1),
(61, 2, 'sell', 'ARS_BTC', 0.50000000, 10.00000000, 5.00000000, 1386903451, 1386903451, -1),
(62, 2, 'sell', 'ARS_BTC', 0.10000000, 5000.39670000, 500.03967000, 1386903539, 1386903539, -1),
(63, 2, 'sell', 'ARS_BTC', 0.10000000, 30.00000000, 3.00000000, 1386903561, 1386903561, -1),
(64, 1, 'buy', 'ARS_BTC', 0.00000000, 1.20000000, 0.00000000, 1386905936, 1386906001, 1),
(65, 1, 'buy', 'ARS_BTC', 0.00000000, 1.00000000, 0.00000000, 1386906064, 1386906181, 1),
(66, 1, 'sell', 'ARS_BTC', 0.00000000, 1.00000000, 0.00000000, 1386946497, 1386946741, 1),
(67, 1, 'sell', 'ARS_BTC', 0.00000000, 2.00000000, 0.00000000, 1386946507, 1386946682, 1),
(68, 1, 'sell', 'ARS_BTC', 0.00000000, 0.50000000, 0.00000000, 1386946519, 1386946801, 1),
(69, 1, 'buy', 'ARS_BTC', 2.00000000, 3.00000000, 11.50000000, 1386946604, 1386946604, -1),
(70, 9, 'buy', 'ARS_BTC', 1.00000000, 2.00000000, 2.00000000, 1386949180, 1386949180, -1),
(71, 9, 'buy', 'ARS_BTC', 1.00000000, 1.00000000, 1.00000000, 1386949245, 1386949245, -1),
(72, 9, 'buy', 'ARS_BTC', 2.00000000, 2.00000000, 4.00000000, 1386949251, 1386949251, -1),
(73, 9, 'buy', 'ARS_BTC', 3.00000000, 3.00000000, 9.00000000, 1386949256, 1386949256, -1),
(74, 9, 'buy', 'ARS_BTC', 4.00000000, 4.00000000, 16.00000000, 1386949262, 1386949262, -1),
(75, 9, 'buy', 'ARS_BTC', 5.00000000, 5.00000000, 25.00000000, 1386949267, 1386949267, -1),
(76, 9, 'buy', 'ARS_BTC', 6.00000000, 6.00000000, 36.00000000, 1386949274, 1386949274, -1),
(77, 9, 'buy', 'ARS_BTC', 7.00000000, 7.00000000, 49.00000000, 1386949279, 1386949279, -1),
(78, 9, 'buy', 'ARS_BTC', 8.00000000, 8.00000000, 64.00000000, 1386949291, 1386949291, -1),
(79, 9, 'buy', 'ARS_BTC', 9.00000000, 9.00000000, 81.00000000, 1386949297, 1386949297, -1),
(80, 9, 'buy', 'ARS_BTC', 4.00000000, 10.00000000, 82.00000000, 1386949309, 1386949309, -1),
(81, 1, 'sell', 'ARS_BTC', 0.00000000, 3.00000000, 0.00000000, 1386949731, 1386949801, 1),
(82, 1, 'buy', 'ARS_BTC', 0.00000000, 1.00000000, 0.00000000, 1386994500, 1386994796, 1),
(83, 1, 'buy', 'ARS_BTC', 0.00000000, 2.00000000, 0.00000000, 1386994507, 1386994796, 1),
(84, 1, 'buy', 'ARS_BTC', 0.00000000, 3.00000000, 0.00000000, 1386994516, 1386994796, 1),
(85, 1, 'buy', 'ARS_BTC', 5.00000000, 0.10000000, 0.50000000, 1386994562, 1386994723, -1),
(86, 1, 'sell', 'ARS_BTC', 1.00000000, 900.00000000, 900.00000000, 1386994608, 1386994709, -1),
(87, 1, 'sell', 'ARS_BTC', 20.00000000, 1000.00000000, 20000.00000000, 1386994627, 1386994705, -1),
(88, 9, 'sell', 'ARS_BTC', 0.00000000, 1.00000000, 0.00000000, 1386994796, 1386994796, 1),
(89, 1, 'buy', 'ARS_BTC', 0.20000000, 1.00000000, 0.20000000, 1387001603, 1387001603, -1),
(90, 1, 'buy', 'ARS_BTC', 1.00000000, 0.10000000, 0.10000000, 1387001611, 1387001611, -1),
(91, 1, 'buy', 'ARS_BTC', 0.00000000, 1.00000000, 0.00000000, 1387001618, 1387002214, 1),
(92, 1, 'buy', 'ARS_BTC', 1.00000000, 0.20000000, 0.20000000, 1387001628, 1387001628, -1),
(93, 1, 'sell', 'ARS_BTC', 0.00000000, 1.00000000, 0.00000000, 1387002214, 1387002214, 1),
(94, 1, 'buy', 'ARS_BTC', 0.00000000, 1.00000000, 0.00000000, 1387002500, 1387002510, 1),
(95, 1, 'sell', 'ARS_BTC', 0.00000000, 1.00000000, 0.00000000, 1387002510, 1387002510, 1),
(96, 1, 'buy', 'ARS_BTC', 0.00000000, 1.00000000, 0.00000000, 1387006248, 1387006316, 1),
(97, 1, 'buy', 'ARS_BTC', 0.00000000, 2.00000000, 0.00000000, 1387006267, 1387006316, 1),
(98, 1, 'buy', 'ARS_BTC', 0.00000000, 3.00000000, 0.00000000, 1387006279, 1387006315, 1),
(99, 9, 'sell', 'ARS_BTC', 0.00000000, 0.10000000, 0.00000000, 1387006315, 1387006315, 1),
(100, 1, 'buy', 'ARS_BTC', 1.00000000, 1.00000000, 1.00000000, 1387006708, 1387068308, -1),
(103, 1, 'buy', 'ARS_BTC', 2.00000000, 1.00000000, 2.00000000, 1387007491, 1387007504, -1),
(104, 1, 'buy', 'ARS_BTC', 3.00000000, 1.00000000, 3.00000000, 1387007495, 1387007507, -1),
(105, 1, 'buy', 'ARS_BTC', 2.00000000, 1.00000000, 2.00000000, 1387007512, 1387007516, -1),
(106, 1, 'buy', 'ARS_BTC', 0.00000000, 2.00000000, 0.00000000, 1387007520, 1387043726, 1),
(107, 1, 'buy', 'ARS_BTC', 0.00000000, 3.00000000, 0.00000000, 1387007524, 1387043726, 1),
(108, 2, 'sell', 'ARS_BTC', 1.00000000, 2.00000000, 1.00000000, 1387043726, 1387043726, -1),
(109, 2, 'buy', 'ARS_BTC', 1.00000000, 1.00000000, 1.00000000, 1387043755, 1387043755, -1),
(110, 2, 'buy', 'ARS_LTC', 0.00000000, 1.00000000, 0.00000000, 1387043912, 1387043919, 1),
(111, 2, 'sell', 'ARS_LTC', 0.00000000, 1.00000000, 0.00000000, 1387043919, 1387043919, 1),
(112, 9, 'buy', 'ARS_BTC', 0.00000000, 1.00000000, 0.00000000, 1387068474, 1387068536, 1),
(113, 9, 'buy', 'ARS_BTC', 0.00000000, 2.00000000, 0.00000000, 1387068480, 1387068536, 1),
(114, 9, 'buy', 'ARS_BTC', 0.00000000, 3.00000000, 0.00000000, 1387068485, 1387068536, 1),
(115, 1, 'sell', 'ARS_BTC', 5.00000000, 5.00000000, 25.00000000, 1387068514, 1387068774, -1),
(116, 1, 'sell', 'ARS_BTC', 1.00000000, 1.00000000, -7.00000000, 1387068535, 1387068770, -1),
(117, 1, 'sell', 'ARS_BTC', 0.00000000, 1.00000000, 0.00000000, 1387068924, 1387068984, 1),
(118, 1, 'sell', 'ARS_BTC', 0.00000000, 2.00000000, 0.00000000, 1387068958, 1387068984, 1),
(119, 1, 'sell', 'ARS_BTC', 0.00000000, 3.00000000, 0.00000000, 1387068965, 1387068984, 1),
(120, 9, 'buy', 'ARS_BTC', 0.00000000, 6.00000000, 0.00000000, 1387068984, 1387068984, 1),
(121, 9, 'sell', 'ARS_BTC', 0.00000000, 5.00000000, 0.00000000, 1387069648, 1387069866, 1),
(122, 9, 'sell', 'ARS_BTC', 0.00000000, 10.00000000, 0.00000000, 1387069694, 1387069866, 1),
(123, 9, 'sell', 'ARS_BTC', 0.00000000, 15.00000000, 0.00000000, 1387069702, 1387069866, 1),
(124, 1, 'buy', 'ARS_BTC', 0.00000000, 5.00000000, 0.00000000, 1387069733, 1387069733, 1),
(125, 1, 'buy', 'ARS_BTC', 1.00000000, 20.00000000, 255.00000000, 1387069866, 1387069912, -1),
(126, 9, 'sell', 'ARS_BTC', 0.00000000, 5.00000000, 0.00000000, 1387070214, 1387070315, 1),
(127, 9, 'sell', 'ARS_BTC', 0.00000000, 10.00000000, 0.00000000, 1387070221, 1387070315, 1),
(128, 9, 'sell', 'ARS_BTC', 0.00000000, 15.00000000, 0.00000000, 1387070230, 1387070315, 1),
(129, 1, 'buy', 'ARS_BTC', 2.00000000, 2.00000000, 4.00000000, 1387070300, 1387070300, -1),
(130, 1, 'buy', 'ARS_BTC', 0.00000000, 30.00000000, 0.00000000, 1387070315, 1387070348, 1),
(131, 9, 'sell', 'ARS_BTC', 0.00000000, 30.00000000, 0.00000000, 1387070348, 1387070348, 1),
(132, 10, 'buy', 'ARS_BTC', 1.00000000, 1.00000000, 1.00000000, 1387081545, 1387081566, -1),
(133, 10, 'buy', 'ARS_BTC', 2.00000000, 1.00000000, 2.00000000, 1387081555, 1387081560, -1),
(134, 9, 'sell', 'ARS_BTC', 1.00000000, 10.00000000, 10.00000000, 1387081575, 1387081641, -1),
(135, 9, 'sell', 'ARS_BTC', 30.00000000, 11.00000000, 330.00000000, 1387081582, 1387081634, -1),
(136, 9, 'buy', 'ARS_BTC', 0.00000000, 12.00000000, 0.00000000, 1387081616, 1387081616, 1),
(137, 10, 'sell', 'ARS_BTC', 0.00000000, 10.00000000, 0.00000000, 1387081727, 1387081939, 1),
(138, 10, 'sell', 'ARS_BTC', 0.00000000, 20.00000000, 0.00000000, 1387081742, 1387081939, 1),
(139, 9, 'buy', 'ARS_BTC', 0.00000000, 10000.00000000, 0.00000000, 1387081806, 1387081806, 1),
(140, 9, 'buy', 'ARS_BTC', 11.00000000, 30.00000000, 1310.00000000, 1387081939, 1387082814, -1),
(141, 9, 'buy', 'ARS_BTC', 0.00000000, 10.00000000, 0.00000000, 1387083187, 1387083220, 1),
(142, 9, 'buy', 'ARS_BTC', 0.00000000, 20.00000000, 0.00000000, 1387083197, 1387083220, 1),
(143, 10, 'sell', 'ARS_BTC', 0.00000000, 1.00000000, 0.00000000, 1387083220, 1387086469, 1),
(144, 10, 'sell', 'ARS_BTC', 1.00000000, 1.00000000, 1.00000000, 1387083520, 1387083537, -1),
(145, 1, 'buy', 'ARS_BTC', 0.00000000, 1.00000000, 0.00000000, 1387086469, 1387086469, 1),
(146, 1, 'sell', 'ARS_BTC', 0.00000000, 1.00000000, 0.00000000, 1387086503, 1387086503, 1),
(147, 3, 'sell', 'ARS_BTC', 0.00000000, 2.00000000, 0.00000000, 1387087158, 1387087158, 1),
(148, 3, 'sell', 'ARS_BTC', 0.00000000, 0.50000000, 0.00000000, 1387087294, 1387087294, 1),
(149, 2, 'buy', 'ARS_BTC', 0.00000000, 2.00000000, 0.00000000, 1387088049, 1387088049, 1),
(150, 2, 'buy', 'ARS_BTC', 0.00000000, 0.20000000, 0.00000000, 1387088080, 1387088080, 1),
(151, 2, 'buy', 'ARS_BTC', 0.00000000, 0.30000000, 0.00000000, 1387088086, 1387088086, 1),
(152, 2, 'buy', 'ARS_BTC', 0.00000000, 0.40000000, 0.00000000, 1387088091, 1387088091, 1),
(153, 3, 'sell', 'ARS_BTC', 0.00000000, 0.20000000, 0.00000000, 1387088541, 1387088542, 1),
(154, 9, 'sell', 'ARS_BTC', 0.00000000, 10.00000000, 0.00000000, 1387117522, 1387117522, 1),
(155, 9, 'sell', 'ARS_BTC', 0.00000000, 20.00000000, 0.00000000, 1387117529, 1387117529, 1),
(156, 10, 'buy', 'ARS_BTC', 20.00000000, 50.00000000, 1000.00000000, 1387117723, 1387118924, -1),
(157, 9, 'sell', 'ARS_LTC', 0.00000000, 10.00000000, 0.00000000, 1387119085, 1387119085, 1),
(158, 9, 'sell', 'ARS_LTC', 0.00000000, 20.00000000, 0.00000000, 1387119091, 1387119091, 1),
(159, 10, 'buy', 'ARS_LTC', 20.00000000, 50.00000000, 1000.00000000, 1387119108, 1387119121, -1),
(160, 10, 'buy', 'ARS_BTC', 0.00000000, 10.00000000, 0.00000000, 1387119393, 1387119393, 1),
(161, 10, 'buy', 'ARS_BTC', 0.00000000, 20.00000000, 0.00000000, 1387119399, 1387119399, 1),
(162, 9, 'sell', 'ARS_BTC', 20.00000000, 5.00000000, 100.00000000, 1387119436, 1387119502, -1),
(163, 9, 'buy', 'ARS_BTC', 0.00000000, 1.00000000, 0.00000000, 1387120779, 1387120779, 1),
(164, 9, 'sell', 'ARS_BTC', 0.00000000, 1.00000000, 0.00000000, 1387120786, 1387120786, 1),
(165, 9, 'buy', 'ARS_LTC', 0.00000000, 10.00000000, 0.00000000, 1387120935, 1387120935, 1),
(166, 9, 'buy', 'ARS_LTC', 0.00000000, 20.00000000, 0.00000000, 1387120940, 1387120940, 1),
(167, 10, 'sell', 'ARS_LTC', 0.00000000, 1.00000000, 0.00000000, 1387120992, 1387120993, 1),
(168, 10, 'sell', 'ARS_LTC', 1.00000000, 1.00000000, 1.00000000, 1387121018, 1387121033, -1),
(169, 10, 'sell', 'ARS_LTC', 1.00000000, 1.00000000, 1.00000000, 1387121022, 1387121029, -1),
(170, 9, 'buy', 'ARS_LTC', 1.00000000, 1.00000000, 1.00000000, 1387121212, 1387121217, -1),
(171, 9, 'sell', 'ARS_LTC', 0.00000000, 1.00000000, 0.00000000, 1387121280, 1387121280, 1),
(172, 9, 'buy', 'ARS_LTC', 0.00000000, 1.00000000, 0.00000000, 1387121283, 1387121283, 1),
(173, 10, 'buy', 'ARS_LTC', 0.00000000, 10.00000000, 0.00000000, 1387121999, 1387121999, 1),
(174, 9, 'sell', 'ARS_LTC', 0.00000000, 10.00000000, 0.00000000, 1387122042, 1387122042, 1),
(175, 9, 'sell', 'ARS_BTC', 0.00000000, 10.00000000, 0.00000000, 1387122113, 1387122113, 1),
(176, 10, 'buy', 'ARS_BTC', 0.00000000, 10.00000000, 0.00000000, 1387122122, 1387122122, 1),
(177, 2, 'buy', 'ARS_BTC', 1.00000000, 100.00000000, 100.00000000, 1387211822, 1387211822, 0);

-- --------------------------------------------------------

--
-- 表的结构 `purse_addresses`
--

CREATE TABLE IF NOT EXISTS `purse_addresses` (
  `id` int(11) NOT NULL AUTO_INCREMENT,
  `account_type` varchar(255) NOT NULL,
  `key` varchar(250) NOT NULL,
  `user_id` int(11) NOT NULL DEFAULT '0' COMMENT '分配给谁',
  `created` int(11) NOT NULL DEFAULT '0',
  `active` tinyint(4) NOT NULL DEFAULT '0' COMMENT '是否使用',
  PRIMARY KEY (`id`),
  UNIQUE KEY `unique` (`account_type`,`key`)
) ENGINE=InnoDB  DEFAULT CHARSET=utf8 AUTO_INCREMENT=54 ;

--
-- 转存表中的数据 `purse_addresses`
--

INSERT INTO `purse_addresses` (`id`, `account_type`, `key`, `user_id`, `created`, `active`) VALUES
(14, 'btc', '1213', 10, 1386469717, 0),
(24, 'btc', '1213124', 0, 1386470588, 0),
(28, 'btc', '142124', 8, 1386471540, 0),
(29, 'btc', '1254124123', 6, 1386471540, 0),
(30, 'btc', '123141', 0, 1386471540, 0),
(33, 'ltc', 'aYU1uaHNURzFPZG1K', 1, 1386477048, -1),
(35, 'ltc', 'Vrd3lXbkJpYlZKc1kyazRl', 8, 1386477048, 0),
(36, 'ltc', 'VTFFUlhwTU1FWnpZa05', 9, 1386477048, 0),
(37, 'ltc', 'WZVUxSFVuWmlNbEp6V', 6, 1386477048, 0),
(38, 'ltc', '2xoT2IyUklVbmRqZW05', 7, 1386477049, 0),
(39, 'ltc', 'MlRETmtNMlI1Tlc1aU1', 5, 1386477049, 0),
(40, 'ltc', 'qbHVZa2RWZFZreU9YU', 5, 1386477049, -1),
(41, 'btc', 'WVVoU01HTklUVF', 2, 1386477193, 0),
(42, 'btc', 'pNZVRrelpETmpkV', 6, 1386477193, -1),
(43, 'btc', 'm95T1haYU1uaHN', 1, 1386477193, 0),
(44, 'btc', 'URzFPZG1KVE9Xd', 0, 1386477193, 0),
(45, 'btc', 'GlNamxyWWtkV2Vrd', 0, 1386477193, 0),
(46, 'btc', '3lXbkJpYlZKc1kyazR', 9, 1386477193, 0),
(47, 'btc', 'lVTFFUlhwTU1FWn', 0, 1386477193, 0),
(48, 'btc', 'pZa05WZVUxSFVuW', 5, 1386477193, 0),
(49, 'btc', 'mlNbEp6V2xoT2IyUk', 7, 1386477193, 0),
(50, 'btc', 'lVbmRqZW05MlRET', 0, 1386477193, 0),
(51, 'btc', 'mtNMlI1Tlc1aU1qbH', 2, 1386477193, -1),
(52, 'ltc', 'test11111111111', 1, 1386905741, 0),
(53, 'ltc', 'test22222222222', 10, 1386905756, 0);

-- --------------------------------------------------------

--
-- 表的结构 `trades`
--

CREATE TABLE IF NOT EXISTS `trades` (
  `id` int(11) NOT NULL AUTO_INCREMENT,
  `order_id` int(11) NOT NULL COMMENT '自己order_id',
  `he_order_id` int(11) NOT NULL COMMENT '对方order_id',
  `number` decimal(16,8) NOT NULL COMMENT '成交虚拟币的数量',
  `price` decimal(16,8) NOT NULL COMMENT '价格',
  `amount` decimal(16,8) NOT NULL,
  `fee` decimal(16,8) NOT NULL DEFAULT '0.00000000' COMMENT '手续费',
  `created` int(11) NOT NULL DEFAULT '0' COMMENT '交易时间',
  PRIMARY KEY (`id`)
) ENGINE=InnoDB  DEFAULT CHARSET=utf8 COMMENT='订单成交表' AUTO_INCREMENT=156 ;

--
-- 转存表中的数据 `trades`
--

INSERT INTO `trades` (`id`, `order_id`, `he_order_id`, `number`, `price`, `amount`, `fee`, `created`) VALUES
(12, 31, 32, 1.00000000, 3.00000000, 3.00000000, 0.02000000, 1385802807),
(13, 32, 31, 1.00000000, 3.00000000, 3.00000000, 0.06000000, 1385802807),
(16, 33, 34, 1.00000000, 3.00000000, 3.00000000, 0.02000000, 1385804047),
(17, 34, 33, 1.00000000, 3.00000000, 3.00000000, 0.06000000, 1385804047),
(18, 35, 36, 1.00000000, 3.00000000, 3.00000000, 0.02000000, 1385804137),
(19, 36, 35, 1.00000000, 3.00000000, 3.00000000, 0.06000000, 1385804137),
(20, 40, 41, 1.00000000, 2.00000000, 2.00000000, 0.01000000, 1386420876),
(21, 41, 40, 1.00000000, 2.00000000, 2.00000000, 0.02000000, 1386420876),
(22, 43, 44, 1.00000000, 4.00000000, 4.00000000, 0.01000000, 1386604538),
(23, 44, 43, 1.00000000, 4.00000000, 4.00000000, 0.04000000, 1386604538),
(24, 42, 45, 1.00000000, 1.00000000, 1.00000000, 0.01000000, 1386604668),
(25, 45, 42, 1.00000000, 1.00000000, 1.00000000, 0.01000000, 1386604668),
(26, 37, 45, 2.00000000, 1.00000000, 2.00000000, 0.02000000, 1386604668),
(27, 45, 37, 2.00000000, 1.00000000, 2.00000000, 0.02000000, 1386604668),
(28, 39, 46, 1.00000000, 1.00000000, 1.00000000, 0.01000000, 1386606244),
(29, 46, 39, 1.00000000, 1.00000000, 1.00000000, 0.02000000, 1386606244),
(30, 53, 50, 1.00000000, 1.00000000, 1.00000000, 0.01000000, 1386811409),
(31, 50, 53, 1.00000000, 1.00000000, 1.00000000, 0.01000000, 1386811409),
(32, 51, 54, 1.00000000, 1.00000000, 1.00000000, 0.01000000, 1386811409),
(33, 54, 51, 1.00000000, 1.00000000, 1.00000000, 0.01000000, 1386811409),
(34, 49, 56, 1.00000000, 1.00000000, 1.00000000, 0.01000000, 1386811409),
(35, 56, 49, 1.00000000, 1.00000000, 1.00000000, 0.01000000, 1386811409),
(36, 51, 57, 1.40000000, 1.00000000, 1.40000000, 0.01400000, 1386811531),
(37, 57, 51, 1.40000000, 1.00000000, 1.40000000, 0.01400000, 1386811531),
(38, 64, 57, 0.20000000, 1.00000000, 0.20000000, 0.00200000, 1386905942),
(39, 57, 64, 0.20000000, 1.00000000, 0.20000000, 0.00200000, 1386905942),
(40, 65, 57, 0.01000000, 1.00000000, 0.01000000, 0.00010000, 1386906122),
(41, 57, 65, 0.01000000, 1.00000000, 0.01000000, 0.00010000, 1386906122),
(42, 69, 67, 1.00000000, 2.00000000, 2.00000000, 0.01000000, 1386946621),
(43, 67, 69, 1.00000000, 2.00000000, 2.00000000, 0.02000000, 1386946621),
(44, 69, 66, 1.00000000, 1.00000000, 1.00000000, 0.01000000, 1386946682),
(45, 66, 69, 1.00000000, 1.00000000, 1.00000000, 0.01000000, 1386946682),
(46, 69, 68, 1.00000000, 0.50000000, 0.50000000, 0.01000000, 1386946741),
(47, 68, 69, 1.00000000, 0.50000000, 0.50000000, 0.00500000, 1386946741),
(48, 80, 81, 6.00000000, 3.00000000, 18.00000000, 0.06000000, 1386949742),
(49, 81, 80, 6.00000000, 3.00000000, 18.00000000, 0.18000000, 1386949742),
(50, 84, 88, 3.00000000, 1.00000000, 3.00000000, 0.03000000, 1386994796),
(51, 88, 84, 3.00000000, 1.00000000, 3.00000000, 0.03000000, 1386994796),
(52, 83, 88, 2.00000000, 1.00000000, 2.00000000, 0.02000000, 1386994796),
(53, 88, 83, 2.00000000, 1.00000000, 2.00000000, 0.02000000, 1386994796),
(54, 82, 88, 1.00000000, 1.00000000, 1.00000000, 0.01000000, 1386994796),
(55, 88, 82, 1.00000000, 1.00000000, 1.00000000, 0.01000000, 1386994796),
(56, 91, 93, 0.20000000, 1.00000000, 0.20000000, 0.00200000, 1387002214),
(57, 93, 91, 0.20000000, 1.00000000, 0.20000000, 0.00200000, 1387002214),
(58, 89, 93, 0.80000000, 1.00000000, 0.80000000, 0.00800000, 1387002214),
(59, 93, 89, 0.80000000, 1.00000000, 0.80000000, 0.00800000, 1387002214),
(60, 94, 95, 1.00000000, 1.00000000, 1.00000000, 0.01000000, 1387002510),
(61, 95, 94, 1.00000000, 1.00000000, 1.00000000, 0.01000000, 1387002510),
(62, 98, 99, 3.00000000, 0.10000000, 0.30000000, 0.01500000, 1387006315),
(63, 99, 98, 3.00000000, 0.10000000, 0.30000000, 0.00150000, 1387006315),
(64, 97, 99, 2.00000000, 0.10000000, 0.20000000, 0.01000000, 1387006315),
(65, 99, 97, 2.00000000, 0.10000000, 0.20000000, 0.00100000, 1387006315),
(66, 96, 99, 1.00000000, 0.10000000, 0.10000000, 0.00500000, 1387006315),
(67, 99, 96, 1.00000000, 0.10000000, 0.10000000, 0.00050000, 1387006315),
(68, 107, 108, 1.00000000, 3.00000000, 3.00000000, 0.00500000, 1387043726),
(69, 108, 107, 1.00000000, 3.00000000, 3.00000000, 0.01500000, 1387043726),
(70, 106, 108, 1.00000000, 2.00000000, 2.00000000, 0.00500000, 1387043726),
(71, 108, 106, 1.00000000, 2.00000000, 2.00000000, 0.01000000, 1387043726),
(72, 110, 111, 1.00000000, 1.00000000, 1.00000000, 0.01500000, 1387043919),
(73, 111, 110, 1.00000000, 1.00000000, 1.00000000, 0.01500000, 1387043919),
(74, 114, 116, 3.00000000, 3.00000000, 9.00000000, 0.01500000, 1387068535),
(75, 116, 114, 3.00000000, 3.00000000, 9.00000000, 0.04500000, 1387068536),
(76, 113, 116, 2.00000000, 2.00000000, 4.00000000, 0.01000000, 1387068536),
(77, 116, 113, 2.00000000, 2.00000000, 4.00000000, 0.02000000, 1387068536),
(78, 112, 116, 1.00000000, 1.00000000, 1.00000000, 0.00500000, 1387068536),
(79, 116, 112, 1.00000000, 1.00000000, 1.00000000, 0.00500000, 1387068536),
(80, 120, 117, 1.00000000, 1.00000000, 1.00000000, 0.00500000, 1387068984),
(81, 117, 120, 1.00000000, 1.00000000, 1.00000000, 0.00500000, 1387068984),
(82, 120, 118, 2.00000000, 2.00000000, 4.00000000, 0.01000000, 1387068984),
(83, 118, 120, 2.00000000, 2.00000000, 4.00000000, 0.02000000, 1387068984),
(84, 120, 119, 3.00000000, 3.00000000, 9.00000000, 0.01500000, 1387068984),
(85, 119, 120, 3.00000000, 3.00000000, 9.00000000, 0.04500000, 1387068984),
(86, 124, 121, 1.00000000, 5.00000000, 5.00000000, 0.00100000, 1387069733),
(87, 121, 124, 1.00000000, 5.00000000, 5.00000000, 0.00500000, 1387069733),
(88, 125, 121, 4.00000000, 5.00000000, 20.00000000, 0.00400000, 1387069866),
(89, 121, 125, 4.00000000, 5.00000000, 20.00000000, 0.02000000, 1387069866),
(90, 125, 122, 10.00000000, 10.00000000, 100.00000000, 0.01000000, 1387069866),
(91, 122, 125, 10.00000000, 10.00000000, 100.00000000, 0.10000000, 1387069866),
(92, 125, 123, 15.00000000, 15.00000000, 225.00000000, 0.01500000, 1387069866),
(93, 123, 125, 15.00000000, 15.00000000, 225.00000000, 0.22500000, 1387069866),
(94, 130, 126, 5.00000000, 5.00000000, 25.00000000, 0.00500000, 1387070315),
(95, 126, 130, 5.00000000, 5.00000000, 25.00000000, 0.02500000, 1387070315),
(96, 130, 127, 10.00000000, 10.00000000, 100.00000000, 0.01000000, 1387070315),
(97, 127, 130, 10.00000000, 10.00000000, 100.00000000, 0.10000000, 1387070315),
(98, 130, 128, 15.00000000, 15.00000000, 225.00000000, 0.01500000, 1387070315),
(99, 128, 130, 15.00000000, 15.00000000, 225.00000000, 0.22500000, 1387070315),
(100, 130, 131, 20.00000000, 30.00000000, 600.00000000, 0.02000000, 1387070348),
(101, 131, 130, 20.00000000, 30.00000000, 600.00000000, 0.60000000, 1387070348),
(102, 136, 134, 29.00000000, 10.00000000, 290.00000000, 0.02900000, 1387081616),
(103, 134, 136, 29.00000000, 10.00000000, 290.00000000, 0.29000000, 1387081616),
(104, 139, 137, 1.00000000, 10.00000000, 10.00000000, 0.00100000, 1387081806),
(105, 137, 139, 1.00000000, 10.00000000, 10.00000000, 0.01000000, 1387081806),
(106, 140, 137, 29.00000000, 10.00000000, 290.00000000, 0.02900000, 1387081939),
(107, 137, 140, 29.00000000, 10.00000000, 290.00000000, 0.29000000, 1387081939),
(108, 140, 138, 40.00000000, 20.00000000, 800.00000000, 0.04000000, 1387081939),
(109, 138, 140, 40.00000000, 20.00000000, 800.00000000, 0.80000000, 1387081939),
(110, 142, 143, 40.00000000, 20.00000000, 800.00000000, 0.04000000, 1387083220),
(111, 143, 142, 40.00000000, 20.00000000, 800.00000000, 0.80000000, 1387083220),
(112, 141, 143, 20.00000000, 10.00000000, 200.00000000, 0.02000000, 1387083220),
(113, 143, 141, 20.00000000, 10.00000000, 200.00000000, 0.20000000, 1387083220),
(114, 145, 143, 20.00000000, 1.00000000, 20.00000000, 0.02000000, 1387086481),
(115, 143, 145, 20.00000000, 1.00000000, 20.00000000, 0.02000000, 1387086481),
(116, 145, 146, 1.00000000, 1.00000000, 1.00000000, 0.00100000, 1387086503),
(117, 146, 145, 1.00000000, 1.00000000, 1.00000000, 0.00100000, 1387086503),
(118, 145, 148, 9.00000000, 1.00000000, 9.00000000, 0.00900000, 1387087294),
(119, 148, 145, 9.00000000, 1.00000000, 9.00000000, 0.00900000, 1387087294),
(120, 149, 148, 1.00000000, 0.50000000, 0.50000000, 0.00100000, 1387088049),
(121, 148, 149, 1.00000000, 0.50000000, 0.50000000, 0.00050000, 1387088049),
(122, 149, 147, 10.00000000, 2.00000000, 20.00000000, 0.01000000, 1387088049),
(123, 147, 149, 10.00000000, 2.00000000, 20.00000000, 0.02000000, 1387088049),
(124, 152, 153, 1.00000000, 0.40000000, 0.40000000, 0.00100000, 1387088542),
(125, 153, 152, 1.00000000, 0.40000000, 0.40000000, 0.00040000, 1387088542),
(126, 151, 153, 1.00000000, 0.30000000, 0.30000000, 0.00100000, 1387088542),
(127, 153, 151, 1.00000000, 0.30000000, 0.30000000, 0.00030000, 1387088542),
(128, 150, 153, 1.00000000, 0.20000000, 0.20000000, 0.00100000, 1387088542),
(129, 153, 150, 1.00000000, 0.20000000, 0.20000000, 0.00020000, 1387088542),
(130, 156, 154, 20.00000000, 10.00000000, 200.00000000, 0.02000000, 1387117723),
(131, 154, 156, 20.00000000, 10.00000000, 200.00000000, 0.20000000, 1387117723),
(132, 156, 155, 40.00000000, 20.00000000, 800.00000000, 0.04000000, 1387117723),
(133, 155, 156, 40.00000000, 20.00000000, 800.00000000, 0.80000000, 1387117723),
(134, 159, 157, 20.00000000, 10.00000000, 200.00000000, 0.02000000, 1387119108),
(135, 157, 159, 20.00000000, 10.00000000, 200.00000000, 0.20000000, 1387119108),
(136, 159, 158, 40.00000000, 20.00000000, 800.00000000, 0.04000000, 1387119108),
(137, 158, 159, 40.00000000, 20.00000000, 800.00000000, 0.80000000, 1387119108),
(138, 161, 162, 40.00000000, 20.00000000, 800.00000000, 0.04000000, 1387119436),
(139, 162, 161, 40.00000000, 20.00000000, 800.00000000, 0.80000000, 1387119436),
(140, 160, 162, 20.00000000, 10.00000000, 200.00000000, 0.02000000, 1387119436),
(141, 162, 160, 20.00000000, 10.00000000, 200.00000000, 0.20000000, 1387119436),
(142, 163, 164, 1.00000000, 1.00000000, 1.00000000, 0.00100000, 1387120786),
(143, 164, 163, 1.00000000, 1.00000000, 1.00000000, 0.00100000, 1387120786),
(144, 166, 167, 1.00000000, 20.00000000, 20.00000000, 0.00100000, 1387120992),
(145, 167, 166, 1.00000000, 20.00000000, 20.00000000, 0.02000000, 1387120992),
(146, 166, 168, 39.00000000, 20.00000000, 780.00000000, 0.03900000, 1387121018),
(147, 168, 166, 39.00000000, 20.00000000, 780.00000000, 0.78000000, 1387121018),
(148, 165, 168, 20.00000000, 10.00000000, 200.00000000, 0.02000000, 1387121018),
(149, 168, 165, 20.00000000, 10.00000000, 200.00000000, 0.20000000, 1387121018),
(150, 172, 171, 1.00000000, 1.00000000, 1.00000000, 0.00100000, 1387121283),
(151, 171, 172, 1.00000000, 1.00000000, 1.00000000, 0.00100000, 1387121283),
(152, 173, 174, 20.00000000, 10.00000000, 200.00000000, 0.02000000, 1387122042),
(153, 174, 173, 20.00000000, 10.00000000, 200.00000000, 0.20000000, 1387122042),
(154, 176, 175, 20.00000000, 10.00000000, 200.00000000, 0.02000000, 1387122122),
(155, 175, 176, 20.00000000, 10.00000000, 200.00000000, 0.20000000, 1387122122);

-- --------------------------------------------------------

--
-- 表的结构 `users`
--

CREATE TABLE IF NOT EXISTS `users` (
  `id` int(10) unsigned NOT NULL AUTO_INCREMENT,
  `email` varchar(255) NOT NULL DEFAULT '',
  `name` varchar(255) NOT NULL DEFAULT '',
  `password` varchar(255) NOT NULL DEFAULT '',
  `pay_password` varchar(255) NOT NULL,
  `role` set('user','admin') NOT NULL DEFAULT 'admin',
  `created` int(11) NOT NULL DEFAULT '0',
  `last_login` int(11) NOT NULL DEFAULT '0',
  `last_trade` int(11) NOT NULL DEFAULT '0',
  `qq` int(11) DEFAULT '0',
  `tel` varchar(255) NOT NULL DEFAULT '',
  `ars_btc_rate` int(11) NOT NULL DEFAULT '0' COMMENT '默认手续费',
  `ars_ltc_rate` int(11) NOT NULL DEFAULT '0',
  `active` tinyint(4) NOT NULL DEFAULT '0' COMMENT '用户状态 0 为正常',
  `use_ga` tinyint(2) NOT NULL DEFAULT '0',
  `ga_code` varchar(255) NOT NULL DEFAULT '',
  `used_ga` varchar(255) DEFAULT '',
  `lock_time` int(11) DEFAULT '0',
  PRIMARY KEY (`id`),
  UNIQUE KEY `unique` (`email`)
) ENGINE=InnoDB  DEFAULT CHARSET=utf8 AUTO_INCREMENT=11 ;

--
-- 转存表中的数据 `users`
--

INSERT INTO `users` (`id`, `email`, `name`, `password`, `pay_password`, `role`, `created`, `last_login`, `last_trade`, `qq`, `tel`, `ars_btc_rate`, `ars_ltc_rate`, `active`, `use_ga`, `ga_code`, `used_ga`, `lock_time`) VALUES
(1, 'admin@qq.com', 'linksgo2011', '123456', '123456', 'admin', 1384681937, 1384681937, 0, 120377843, '13668193903', 0, 0, 0, 0, 'XK4RVB6TCPBIXKYD', '', 0),
(2, 'test@qq.com', 'test@qq.com', '123456', '123456', 'user', 1386428837, 1386428837, 0, 1203, '', 0, 0, 0, 0, 'OUXU6QTS2JEJVF66', '', 1386900614),
(3, 'test2@qq.com', 'test2@qq.com', 'test2@qq.com', 'test2@qq.com', 'user', 1386429404, 1386429404, 0, NULL, '', 0, 0, 0, 0, '', '', 0),
(4, 'test3@qq.com', 'test3@qq.com', 'test3@qq.com', 'test3@qq.com', 'user', 1386429490, 1386429490, 0, NULL, '', 0, 0, 0, 0, '', '', 0),
(5, 'test5@qq.com', 'test5@qq.com', 'test5@qq.com', 'test5@qq.com', 'user', 1386505695, 1386505695, 0, NULL, 'test5@qq.com', 0, 0, -1, 0, '', '', 0),
(6, 'test6@qq.com', 'test6@qq.com', '123456', '123456', 'user', 1386605437, 1386605437, 0, 120377843, '13668193903', 0, 0, 0, 1, 'XQJPWOOVX4COBA2I', '', 0),
(7, 'test2011@qq.com', 'test2011@qq.com', '1234567', '123456', 'user', 1386863005, 1386863005, 0, 1203777078, '', 0, 0, 0, 0, '', '', 1386863080),
(8, 'test2012@qq.com', 'test2012@qq.com', '123456', '1234567', 'user', 1386863111, 1386863111, 0, NULL, '', 30, 30, 0, 0, '', '', 0),
(9, 'test1233@qq.com', 'test1233', '123456789', '123456789', 'user', 1386901948, 1386901948, 0, NULL, '', 0, 0, 0, 0, 'CZQZUOEFJ5WDFW5R', '', 0),
(10, 'test1111@qq.com', 'test1111', '123456789', '123456789', 'user', 1387081322, 1387081322, 0, NULL, '', 0, 0, 0, 0, '', '', 0);

/*!40101 SET CHARACTER_SET_CLIENT=@OLD_CHARACTER_SET_CLIENT */;
/*!40101 SET CHARACTER_SET_RESULTS=@OLD_CHARACTER_SET_RESULTS */;
/*!40101 SET COLLATION_CONNECTION=@OLD_COLLATION_CONNECTION */;
